rank,prediction_source,cod_linha,pred_atraso_aproximado_min,real_atraso_aproximado_min,n_registros
1,llama_3_3_70b_v2_retry2,150,2.143986953221344,1.2633333333333332,15
2,llama_3_3_70b_v2_retry2,144,2.131072303705939,0.9572916666666668,24
3,llama_3_3_70b_v2_retry2,260,1.8200676135077414,0.5453282828282827,11
4,llama_3_3_70b_v2_retry2,632,1.6260644613448918,2.738773148148148,24
5,llama_3_3_70b_v2_retry2,265,1.5882602645329023,1.347222222222222,24
6,llama_3_3_70b_v2_retry2,621,1.576068175690671,2.4015538194444446,96
7,llama_3_3_70b_v2_retry2,821,1.5696198505386283,4.6525317460317455,35
8,llama_3_3_70b_v2_retry2,525,1.5317778886467968,6.048379629629629,12
9,llama_3_3_70b_v2_retry2,214,1.464083958729335,1.862755427841635,87
10,llama_3_3_70b_v2_retry2,619,1.4497288653246458,2.4295353022812036,61
11,llama_3_3_70b_v2_retry2,699,1.4318807419366912,3.852324835658169,33
12,llama_3_3_70b_v2_retry2,370,1.4050059833199853,3.084390015015015,37
13,llama_3_3_70b_v2_retry2,354,1.3733591654399395,1.576388888888889,16
14,llama_3_3_70b_v2_retry2,744,1.3668937241463113,1.430621693121693,42
15,llama_3_3_70b_v2_retry2,686,1.3290168393067197,0.7791613041613042,111
16,llama_3_3_70b_v2_retry2,630,1.3254373625854667,3.45326646090535,54
17,llama_3_3_70b_v2_retry2,886,1.3155337154545306,1.8004084967320257,17
18,llama_3_3_70b_v2_retry2,433,1.3036761051091508,4.783937130407719,51
19,llama_3_3_70b_v2_retry2,334,1.2917631623934793,1.356014576986799,99
20,llama_3_3_70b_v2_retry2,881,1.2861742200264044,0.9637994676662901,107
21,llama_3_3_70b_v2_retry2,20,1.2771070905573387,3.8509645061728395,36
22,llama_3_3_70b_v2_retry2,643,1.2694140425072886,1.7165531694159144,60
23,llama_3_3_70b_v2_retry2,344,1.2584956307455173,2.3202819446798753,100
24,llama_3_3_70b_v2_retry2,804,1.243778318150285,0.9659710775708759,160
25,llama_3_3_70b_v2_retry2,636,1.23627348317615,2.155432526484356,82
26,llama_3_3_70b_v2_retry2,152,1.2317478142070117,0.47965686274509794,17
27,llama_3_3_70b_v2_retry2,146,1.226379034004063,0.46728260869565214,23
28,llama_3_3_70b_v2_retry2,206,1.2223253749784584,1.1141327473966363,90
29,llama_3_3_70b_v2_retry2,666,1.2215500351903907,1.0489762509942249,153
30,llama_3_3_70b_v2_retry2,342,1.2166717398232394,4.131118489154716,82
31,llama_3_3_70b_v2_retry2,622,1.2116156376489982,1.16868115942029,115
32,llama_3_3_70b_v2_retry2,378,1.2043912790889417,2.362121174577057,85
33,llama_3_3_70b_v2_retry2,701,1.1964647975651908,1.1459390096618358,46
34,llama_3_3_70b_v2_retry2,870,1.1952306578332847,0.847033787033787,74
35,llama_3_3_70b_v2_retry2,743,1.1922295060296946,1.8409722222222222,38
36,llama_3_3_70b_v2_retry2,122,1.1885445024806587,0.6380982031196316,175
37,llama_3_3_70b_v2_retry2,675,1.1876343913521257,1.81562925170068,98
38,llama_3_3_70b_v2_retry2,642,1.1828538677949174,2.4184756649996375,73
39,llama_3_3_70b_v2_retry2,602,1.1815606758158366,1.1327615315611432,122
40,llama_3_3_70b_v2_retry2,359,1.1792757291452662,1.0258585656484815,119
41,llama_3_3_70b_v2_retry2,353,1.1787475973811783,2.2091750006562196,83
42,llama_3_3_70b_v2_retry2,832,1.167717919663726,0.6443731361177221,201
43,llama_3_3_70b_v2_retry2,338,1.1627825566339984,1.1974662138491927,141
44,llama_3_3_70b_v2_retry2,618,1.1378220197831093,1.0018686456063908,102
45,llama_3_3_70b_v2_retry2,640,1.1241845163879132,2.6000092592592594,90
46,llama_3_3_70b_v2_retry2,18,1.1217938816840025,2.751447951273533,86
47,llama_3_3_70b_v2_retry2,617,1.1191402413003517,2.832271120652268,61
48,llama_3_3_70b_v2_retry2,213,1.0845677188497318,1.2084386175463746,171
49,llama_3_3_70b_v2_retry2,682,1.0715846274037555,1.711367394179894,108
50,llama_3_3_70b_v2_retry2,656,1.0695961325198986,2.4716181657848324,54
51,llama_3_3_70b_v2_retry2,631,1.058549176061186,0.840850526542016,94
52,llama_3_3_70b_v2_retry2,806,1.0575354459592092,1.137369973269096,171
53,llama_3_3_70b_v2_retry2,635,1.0540064800431688,1.6142750515844195,81
54,llama_3_3_70b_v2_retry2,527,1.0424216435588094,11.725111111111111,10
55,llama_3_3_70b_v2_retry2,641,1.033485634335067,1.1989983164983165,110
56,llama_3_3_70b_v2_retry2,626,1.0323140666041608,0.6068021770997961,126
57,llama_3_3_70b_v2_retry2,815,1.0150422362594582,0.5059119736307776,244
58,llama_3_3_70b_v2_retry2,351,1.0114990451861496,2.030395920556177,78
59,llama_3_3_70b_v2_retry2,220,0.999758241501502,0.5909272773082296,210
60,llama_3_3_70b_v2_retry2,628,0.998578334579604,3.131068577814267,58
61,llama_3_3_70b_v2_retry2,501,0.9922967459189043,2.024261720191953,43
62,llama_3_3_70b_v2_retry2,502,0.9834567284920789,2.0205134506632842,106
63,llama_3_3_70b_v2_retry2,108,0.9788578776722061,1.6130199981178241,115
64,llama_3_3_70b_v2_retry2,212,0.9667427394642568,0.5514561911417257,159
65,llama_3_3_70b_v2_retry2,498,0.9621911439235351,1.6049181547619045,88
66,llama_3_3_70b_v2_retry2,205,0.9588878963593707,1.0951936885865459,70
67,llama_3_3_70b_v2_retry2,561,0.9547375124649607,1.1402736382322713,139
68,llama_3_3_70b_v2_retry2,745,0.9423397689050034,0.7215733225108226,44
69,llama_3_3_70b_v2_retry2,313,0.9393552095823682,1.8749764384920633,96
70,llama_3_3_70b_v2_retry2,507,0.9309858992688627,0.5621915976535541,92
71,llama_3_3_70b_v2_retry2,366,0.9254407773531305,0.5821979495127644,189
72,llama_3_3_70b_v2_retry2,110,0.9225390225411291,0.8903886205756953,147
73,llama_3_3_70b_v2_retry2,816,0.918553017229082,1.1982609535699424,89
74,llama_3_3_70b_v2_retry2,210,0.9047549615782725,0.6261306347519583,192
75,llama_3_3_70b_v2_retry2,382,0.9035834679379896,2.084250434452047,93
76,llama_3_3_70b_v2_retry2,613,0.8997971999087148,0.7269326030478725,167
77,llama_3_3_70b_v2_retry2,21,0.8995000229979714,1.5894048414820474,136
78,llama_3_3_70b_v2_retry2,524,0.8993650592212092,0.5201460107057122,134
79,llama_3_3_70b_v2_retry2,660,0.8938202286596043,0.2758760374823175,424
80,llama_3_3_70b_v2_retry2,138,0.8931089247709667,3.3170616402116404,75
81,llama_3_3_70b_v2_retry2,478,0.8910610490934294,0.35202897299109426,165
82,llama_3_3_70b_v2_retry2,155,0.885858094565424,0.8036111111111109,14
83,llama_3_3_70b_v2_retry2,819,0.8803160958255077,1.007231443903319,40
84,llama_3_3_70b_v2_retry2,304,0.8776095878906516,1.172318230336731,103
85,llama_3_3_70b_v2_retry2,514,0.8774023345950916,2.3087296016253127,88
86,llama_3_3_70b_v2_retry2,376,0.8773098946188935,0.991695790106386,151
87,llama_3_3_70b_v2_retry2,646,0.8772573920362581,1.255270512666346,72
88,llama_3_3_70b_v2_retry2,860,0.8727187865966115,2.745577777777778,25
89,llama_3_3_70b_v2_retry2,394,0.8719701301770305,1.310116423064157,90
90,llama_3_3_70b_v2_retry2,405,0.8717094390992833,0.7597724135992293,179
91,llama_3_3_70b_v2_retry2,891,0.8667959311241867,1.3816239316239316,39
92,llama_3_3_70b_v2_retry2,625,0.8649066312927983,4.187119731169389,73
93,llama_3_3_70b_v2_retry2,603,0.8576737961740909,0.5683669179657552,215
94,llama_3_3_70b_v2_retry2,616,0.8549129673116334,0.6617522486772487,100
95,llama_3_3_70b_v2_retry2,339,0.8421106742700836,1.9400345802251173,92
96,llama_3_3_70b_v2_retry2,22,0.8401800838390635,2.2021404698242932,102
97,llama_3_3_70b_v2_retry2,500,0.8398684711496056,0.37389278588892516,167
98,llama_3_3_70b_v2_retry2,217,0.8393013061403635,0.5854518140589569,70
99,llama_3_3_70b_v2_retry2,604,0.836480498708889,1.5535944584528711,95
100,llama_3_3_70b_v2_retry2,590,0.8343217585516165,1.007986111111111,16
101,llama_3_3_70b_v2_retry2,605,0.8303427716000759,0.6781322841854757,188
102,llama_3_3_70b_v2_retry2,600,0.8282949417405278,0.603251221001221,125
103,llama_3_3_70b_v2_retry2,612,0.8195758363426456,1.0797758598388851,119
104,llama_3_3_70b_v2_retry2,60,0.8189412782735177,0.44136105339353193,278
105,llama_3_3_70b_v2_retry2,820,0.818766790510937,0.48640434885627193,182
106,llama_3_3_70b_v2_retry2,601,0.8179854881956284,1.137010480915348,113
107,llama_3_3_70b_v2_retry2,312,0.8175541353008978,1.3134479131501189,148
108,llama_3_3_70b_v2_retry2,683,0.8148949235705449,2.7881197794798616,98
109,llama_3_3_70b_v2_retry2,386,0.8116176885368312,0.33875114888649926,157
110,llama_3_3_70b_v2_retry2,432,0.8096047563131733,2.20382183908046,29
111,llama_3_3_70b_v2_retry2,211,0.8093288841085078,0.6126832012287418,167
112,llama_3_3_70b_v2_retry2,633,0.8093137102540241,0.5328064738292011,121
113,llama_3_3_70b_v2_retry2,530,0.8092010492060018,0.9810074685074687,74
114,llama_3_3_70b_v2_retry2,878,0.804456544137993,0.5647958518424204,72
115,llama_3_3_70b_v2_retry2,102,0.7946986614837918,1.0344032356532358,110
116,llama_3_3_70b_v2_retry2,397,0.7933489351708672,0.6650880691864298,122
117,llama_3_3_70b_v2_retry2,26,0.7910251741675942,0.08440740875153491,621
118,llama_3_3_70b_v2_retry2,629,0.790475942180746,0.7219025187775188,167
119,llama_3_3_70b_v2_retry2,825,0.7878238188303166,2.2933683340295183,80
120,llama_3_3_70b_v2_retry2,522,0.7877275694502033,1.7218761728313616,53
121,llama_3_3_70b_v2_retry2,310,0.7794129865785386,2.87161293401754,99
122,llama_3_3_70b_v2_retry2,958,0.7768033605184779,0.32921878969365,179
123,llama_3_3_70b_v2_retry2,611,0.7662893198840229,0.562207300275482,55
124,llama_3_3_70b_v2_retry2,311,0.7661038533874105,1.071665424233019,170
125,llama_3_3_70b_v2_retry2,216,0.764985097184413,0.9597970177970178,90
126,llama_3_3_70b_v2_retry2,645,0.7640044631172793,1.0207409297052155,70
127,llama_3_3_70b_v2_retry2,303,0.7617512413966478,1.4519480355831023,83
128,llama_3_3_70b_v2_retry2,340,0.7551106344081101,1.0218275313815213,157
129,llama_3_3_70b_v2_retry2,903,0.7539552277178498,0.813156339031339,110
130,llama_3_3_70b_v2_retry2,106,0.7505922925962782,1.0152990461189035,131
131,llama_3_3_70b_v2_retry2,610,0.7471192617691884,1.2043622447978508,132
132,llama_3_3_70b_v2_retry2,335,0.7414604841890038,1.2837854613573194,220
133,llama_3_3_70b_v2_retry2,126,0.7405930265062949,3.1553271876932594,56
134,llama_3_3_70b_v2_retry2,349,0.7272899900405709,1.7959112747348345,128
135,llama_3_3_70b_v2_retry2,480,0.7246444073040003,0.9797380217519106,54
136,llama_3_3_70b_v2_retry2,868,0.724307041347634,1.180190361168622,23
137,llama_3_3_70b_v2_retry2,551,0.7209369896309025,0.5520922361645529,191
138,llama_3_3_70b_v2_retry2,362,0.7135921355113406,1.645735082196776,124
139,llama_3_3_70b_v2_retry2,532,0.7126688016826007,1.2563493743456977,88
140,llama_3_3_70b_v2_retry2,225,0.7092379156715193,0.30252707799108963,161
141,llama_3_3_70b_v2_retry2,326,0.7032740452106243,0.7076276429657525,117
142,llama_3_3_70b_v2_retry2,510,0.7010437948190028,0.4012515141464249,89
143,llama_3_3_70b_v2_retry2,404,0.6954473739463276,1.865343460826846,59
144,llama_3_3_70b_v2_retry2,509,0.6890715677882772,0.4913189006663271,68
145,llama_3_3_70b_v2_retry2,88,0.6885830204558553,0.3750190108876756,162
146,llama_3_3_70b_v2_retry2,314,0.6882916691396799,1.2999124265466613,123
147,llama_3_3_70b_v2_retry2,890,0.6833940242900979,0.8545734126984128,16
148,llama_3_3_70b_v2_retry2,375,0.6818610472117751,0.6233522752824223,148
149,llama_3_3_70b_v2_retry2,305,0.6812223463603011,2.0727506308503387,109
150,llama_3_3_70b_v2_retry2,68,0.680943282626515,0.387188525845988,136
151,llama_3_3_70b_v2_retry2,345,0.6785298933602814,0.6355648624138207,144
152,llama_3_3_70b_v2_retry2,520,0.6623797573532668,0.5521693095055756,136
153,llama_3_3_70b_v2_retry2,111,0.6609599656299547,1.177801430035202,150
154,llama_3_3_70b_v2_retry2,28,0.6605511646550483,0.14198749892612475,502
155,llama_3_3_70b_v2_retry2,650,0.6561077752479996,0.19449150877747826,335
156,llama_3_3_70b_v2_retry2,901,0.652523533011894,0.3521646916250658,173
157,llama_3_3_70b_v2_retry2,461,0.6508354947690981,1.884503367003367,33
158,llama_3_3_70b_v2_retry2,905,0.6492260130360701,1.3777504866388035,168
159,llama_3_3_70b_v2_retry2,74,0.6488604338697754,0.10661888859705138,731
160,llama_3_3_70b_v2_retry2,466,0.6483403149245971,0.8139028723757061,158
161,llama_3_3_70b_v2_retry2,85,0.6435958916223153,0.6622663104593416,207
162,llama_3_3_70b_v2_retry2,822,0.6391040126493833,0.3065381944444444,40
163,llama_3_3_70b_v2_retry2,114,0.6383840646522534,0.8968711053977645,168
164,llama_3_3_70b_v2_retry2,317,0.6334635660712084,0.6166274098477615,204
165,llama_3_3_70b_v2_retry2,814,0.632933676486563,0.6678910169773506,145
166,llama_3_3_70b_v2_retry2,381,0.6251058104309044,0.5891912595674732,103
167,llama_3_3_70b_v2_retry2,497,0.6247569349103118,4.032848324514991,21
168,llama_3_3_70b_v2_retry2,776,0.6234581610672928,1.845894309997571,88
169,llama_3_3_70b_v2_retry2,677,0.6166938783743013,0.10043797479367683,18
170,llama_3_3_70b_v2_retry2,609,0.6155906953964404,0.29283639517708143,123
171,llama_3_3_70b_v2_retry2,395,0.6119953580816266,1.8453131864876877,112
172,llama_3_3_70b_v2_retry2,302,0.6098322421278443,0.801507397665798,62
173,llama_3_3_70b_v2_retry2,336,0.6051647455200213,0.5681316074142361,160
174,llama_3_3_70b_v2_retry2,66,0.6034792242645658,0.24286482477461765,418
175,llama_3_3_70b_v2_retry2,676,0.6026380520570066,0.646423319557935,65
176,llama_3_3_70b_v2_retry2,526,0.5981740010362502,0.17827053973617357,91
177,llama_3_3_70b_v2_retry2,400,0.5980497442608425,0.5212368695636925,96
178,llama_3_3_70b_v2_retry2,606,0.5959969172518216,0.5968086189871548,216
179,llama_3_3_70b_v2_retry2,384,0.5959770386310613,1.3630311777909816,90
180,llama_3_3_70b_v2_retry2,112,0.5959762460856849,0.734261656737995,147
181,llama_3_3_70b_v2_retry2,389,0.5923907147609537,0.8168281518138244,136
182,llama_3_3_70b_v2_retry2,528,0.5896527579773323,1.177206307207801,114
183,llama_3_3_70b_v2_retry2,810,0.5887069494307289,0.3358655568760231,201
184,llama_3_3_70b_v2_retry2,833,0.5869812928044361,0.4764165690276801,135
185,llama_3_3_70b_v2_retry2,200,0.5768489526586285,1.0817572677021414,177
186,llama_3_3_70b_v2_retry2,319,0.5741297566570466,0.7280934907956967,132
187,llama_3_3_70b_v2_retry2,658,0.5707294206116789,0.18982553664831625,643
188,llama_3_3_70b_v2_retry2,4,0.569833478961016,0.22863768959243952,218
189,llama_3_3_70b_v2_retry2,86,0.5678271000730866,0.13156264975461654,674
190,llama_3_3_70b_v2_retry2,115,0.5661618484793963,0.6524262736339134,180
191,llama_3_3_70b_v2_retry2,75,0.5642866446899563,0.10540973159957949,501
192,llama_3_3_70b_v2_retry2,27,0.5625390284203448,0.11297423796024432,457
193,llama_3_3_70b_v2_retry2,907,0.5624255176856124,1.3209478894332447,156
194,llama_3_3_70b_v2_retry2,337,0.5620447629612865,0.37495613549015444,158
195,llama_3_3_70b_v2_retry2,329,0.5598540537630893,0.34869896228251845,110
196,llama_3_3_70b_v2_retry2,331,0.556032026249005,0.23697765586400388,99
197,llama_3_3_70b_v2_retry2,529,0.5530479081813885,3.282470825698709,47
198,llama_3_3_70b_v2_retry2,659,0.5503016064261737,1.5473157270571065,29
199,llama_3_3_70b_v2_retry2,670,0.5474514886525587,0.20416597198621786,405
200,llama_3_3_70b_v2_retry2,508,0.54358363883009,0.394380884506981,114
201,llama_3_3_70b_v2_retry2,369,0.5404755716843915,1.0769994838701744,151
202,llama_3_3_70b_v2_retry2,80,0.5387148163307551,0.44940501157203244,269
203,llama_3_3_70b_v2_retry2,321,0.5364112017835365,0.3283372512737842,190
204,llama_3_3_70b_v2_retry2,702,0.5336915221431496,1.2542741258961498,84
205,llama_3_3_70b_v2_retry2,407,0.5324462261187816,0.3513168194930062,236
206,llama_3_3_70b_v2_retry2,89,0.5295013222689592,0.07753562396276227,266
207,llama_3_3_70b_v2_retry2,120,0.525461516966674,0.577817090436363,192
208,llama_3_3_70b_v2_retry2,207,0.5218625081600752,0.18342759173308992,322
209,llama_3_3_70b_v2_retry2,406,0.5128309716726026,0.10984879927010427,482
210,llama_3_3_70b_v2_retry2,456,0.509161074766947,0.23735591085340377,207
211,llama_3_3_70b_v2_retry2,684,0.5062218932089608,0.23528878986782922,143
212,llama_3_3_70b_v2_retry2,401,0.5029047782138383,0.35579795795745883,133
213,llama_3_3_70b_v2_retry2,523,0.50286913122749,0.5188084833963185,98
214,llama_3_3_70b_v2_retry2,411,0.49404830186975496,0.3503406076246402,134
215,llama_3_3_70b_v2_retry2,309,0.4861389660617807,0.6342766915624058,70
216,llama_3_3_70b_v2_retry2,546,0.47692511873087634,0.1375862902529569,75
217,llama_3_3_70b_v2_retry2,32,0.47685158696103885,0.15360346881659792,477
218,llama_3_3_70b_v2_retry2,79,0.47449448750583245,0.33304137738811185,266
219,llama_3_3_70b_v2_retry2,87,0.4632593419162611,0.04918851107173383,432
220,llama_3_3_70b_v2_retry2,53,0.4617912118469463,0.07120507164186991,264
221,llama_3_3_70b_v2_retry2,409,0.4609514167583584,0.20094185194420083,144
222,llama_3_3_70b_v2_retry2,379,0.4606550180864547,0.152188424900772,212
223,llama_3_3_70b_v2_retry2,308,0.460289092804105,0.36411390236691676,154
224,llama_3_3_70b_v2_retry2,215,0.45837234666364696,0.39493646835070567,113
225,llama_3_3_70b_v2_retry2,322,0.45654857827998346,0.4913163227555071,160
226,llama_3_3_70b_v2_retry2,373,0.4555066704149662,0.45122107250048427,85
227,llama_3_3_70b_v2_retry2,71,0.4531625054520704,0.22377032772318417,280
228,llama_3_3_70b_v2_retry2,346,0.45280583349511716,0.4014721456811402,168
229,llama_3_3_70b_v2_retry2,550,0.4522177651678082,0.6287532099277382,106
230,llama_3_3_70b_v2_retry2,307,0.44957706310329365,0.41509861619861627,50
231,llama_3_3_70b_v2_retry2,920,0.4469694146315749,0.7899349226332786,212
232,llama_3_3_70b_v2_retry2,30,0.43986710912120724,0.07147101592124949,621
233,llama_3_3_70b_v2_retry2,347,0.4395284739161173,0.3851669467440059,164
234,llama_3_3_70b_v2_retry2,783,0.43868804704245856,0.4019336219566029,81
235,llama_3_3_70b_v2_retry2,15,0.4386007647430538,0.14700919702742846,244
236,llama_3_3_70b_v2_retry2,413,0.4373806965593717,0.2608659589646584,218
237,llama_3_3_70b_v2_retry2,38,0.4355354615387178,0.06279010594393149,623
238,llama_3_3_70b_v2_retry2,357,0.4342363552610631,0.4925725147911927,130
239,llama_3_3_70b_v2_retry2,42,0.4337115255553495,0.040355118562218344,812
240,llama_3_3_70b_v2_retry2,330,0.43358777214292976,0.6003985688350892,55
241,llama_3_3_70b_v2_retry2,136,0.43283576442229993,0.410659660102062,96
242,llama_3_3_70b_v2_retry2,99,0.43030642588400403,0.1307544048199051,498
243,llama_3_3_70b_v2_retry2,45,0.4302032522717035,0.08195415127905792,643
244,llama_3_3_70b_v2_retry2,412,0.4297313447026725,0.33948113570801763,235
245,llama_3_3_70b_v2_retry2,14,0.42634793910891405,0.2820911812688351,87
246,llama_3_3_70b_v2_retry2,913,0.42431064876749,0.9091622456079209,152
247,llama_3_3_70b_v2_retry2,40,0.4226257684533887,0.16556168813137623,135
248,llama_3_3_70b_v2_retry2,403,0.42252464659707023,0.37928169022287245,134
249,llama_3_3_70b_v2_retry2,301,0.42225766577096174,0.9131649788670404,63
250,llama_3_3_70b_v2_retry2,707,0.4217060741905727,0.5744236931441546,56
251,llama_3_3_70b_v2_retry2,73,0.42140723530619195,0.08995683042696391,281
252,llama_3_3_70b_v2_retry2,372,0.41946921573429335,0.28254507283235064,206
253,llama_3_3_70b_v2_retry2,521,0.4160192098526538,0.2450704845366194,297
254,llama_3_3_70b_v2_retry2,415,0.4156047880267709,0.1498095298376902,248
255,llama_3_3_70b_v2_retry2,44,0.41457594323561586,0.07730969643673094,632
256,llama_3_3_70b_v2_retry2,739,0.4125263713224319,0.11502844962464882,241
257,llama_3_3_70b_v2_retry2,893,0.408959295378699,0.11654879842379841,26
258,llama_3_3_70b_v2_retry2,65,0.4082479495221641,0.12157342450230244,235
259,llama_3_3_70b_v2_retry2,392,0.4069825804667967,0.6311091491354648,42
260,llama_3_3_70b_v2_retry2,419,0.4056096024031589,0.4281736960611368,109
261,llama_3_3_70b_v2_retry2,29,0.40503787548412606,0.08487069067796188,540
262,llama_3_3_70b_v2_retry2,740,0.4046989362250874,1.0938308913308914,27
263,llama_3_3_70b_v2_retry2,76,0.40453835915890796,0.059037149882803265,1050
264,llama_3_3_70b_v2_retry2,296,0.40385079350993514,0.8158738304462723,157
265,llama_3_3_70b_v2_retry2,316,0.4027756403557447,2.7503637705557447,93
266,llama_3_3_70b_v2_retry2,276,0.4015423127691202,0.3512200489139391,146
267,llama_3_3_70b_v2_retry2,435,0.40105882214229793,0.42570497821776593,69
268,llama_3_3_70b_v2_retry2,496,0.4005597442886735,0.42965283531252874,71
269,llama_3_3_70b_v2_retry2,506,0.39896507685586147,0.22640850073270344,123
270,llama_3_3_70b_v2_retry2,356,0.39882588072120073,0.16715786099300944,143
271,llama_3_3_70b_v2_retry2,11,0.39801793112995937,0.4394968981430375,133
272,llama_3_3_70b_v2_retry2,77,0.3978836806975967,0.05682787996825199,738
273,llama_3_3_70b_v2_retry2,388,0.3975765653796652,0.6024996936012397,110
274,llama_3_3_70b_v2_retry2,416,0.397036857044654,0.5590640371973705,75
275,llama_3_3_70b_v2_retry2,959,0.3954658454026739,0.6101172398614653,114
276,llama_3_3_70b_v2_retry2,16,0.3948111235465739,0.1225847180446543,482
277,llama_3_3_70b_v2_retry2,101,0.3927146750189541,0.24237167326864878,193
278,llama_3_3_70b_v2_retry2,798,0.39089452771697225,0.17199696545284782,12
279,llama_3_3_70b_v2_retry2,50,0.38957534375606295,0.08948395175198523,796
280,llama_3_3_70b_v2_retry2,414,0.38585725072798677,0.4854217667141396,118
281,llama_3_3_70b_v2_retry2,51,0.38314394688426495,0.05068247447140437,880
282,llama_3_3_70b_v2_retry2,361,0.3799754302153755,0.20226739429978285,204
283,llama_3_3_70b_v2_retry2,410,0.3744616152779644,0.16175368438340135,106
284,llama_3_3_70b_v2_retry2,49,0.37358945325562776,0.21380038049624983,210
285,llama_3_3_70b_v2_retry2,31,0.37332734802698175,0.3462399602206285,411
286,llama_3_3_70b_v2_retry2,52,0.37164986583725146,0.016234070582157263,1009
287,llama_3_3_70b_v2_retry2,408,0.370158353438836,0.663969095971722,70
288,llama_3_3_70b_v2_retry2,41,0.3698658516763185,0.05820527286619641,889
289,llama_3_3_70b_v2_retry2,377,0.3675250505597018,0.18699286054398093,162
290,llama_3_3_70b_v2_retry2,177,0.3674594561921844,0.6052662614141153,101
291,llama_3_3_70b_v2_retry2,92,0.3661600191638653,0.03764398805834458,715
292,llama_3_3_70b_v2_retry2,83,0.3643108291405521,0.37313035091273916,162
293,llama_3_3_70b_v2_retry2,463,0.36332878184305034,0.13311207336319883,613
294,llama_3_3_70b_v2_retry2,12,0.35782360927556217,0.07078669857627591,199
295,llama_3_3_70b_v2_retry2,163,0.35657788752523556,0.3984211961243931,118
296,llama_3_3_70b_v2_retry2,906,0.34855081844271296,0.07735149420670416,510
297,llama_3_3_70b_v2_retry2,332,0.3474400679076083,0.35940714852200256,137
298,llama_3_3_70b_v2_retry2,519,0.3442528404727202,0.5330651060579127,53
299,llama_3_3_70b_v2_retry2,323,0.34050764511008086,0.2641086410290102,105
300,llama_3_3_70b_v2_retry2,179,0.33962778842164926,0.2591990612808359,98
301,llama_3_3_70b_v2_retry2,315,0.3389760926407799,0.05902991024947453,347
302,llama_3_3_70b_v2_retry2,390,0.33758112093030507,0.7957518367944683,184
303,llama_3_3_70b_v2_retry2,176,0.3366294119317333,0.37895713502864153,158
304,llama_3_3_70b_v2_retry2,81,0.3346377242088524,0.15870562749570008,164
305,llama_3_3_70b_v2_retry2,175,0.3341912497879614,0.29531013052821636,140
306,llama_3_3_70b_v2_retry2,159,0.3341749453984381,0.2650602586451323,120
307,llama_3_3_70b_v2_retry2,355,0.3294470705829062,0.12312193219192363,469
308,llama_3_3_70b_v2_retry2,738,0.3283285043462481,0.2628768488849758,96
309,llama_3_3_70b_v2_retry2,91,0.32706588108203316,0.10468757982279359,139
310,llama_3_3_70b_v2_retry2,142,0.3261720502478527,0.30764498056369266,109
311,llama_3_3_70b_v2_retry2,148,0.3240007624154733,0.4607901912901913,15
312,llama_3_3_70b_v2_retry2,385,0.3228219467842913,0.10011589888624335,315
313,llama_3_3_70b_v2_retry2,333,0.31665674762859036,0.5725478161556596,81
314,llama_3_3_70b_v2_retry2,387,0.31456384418816424,0.19977844578127207,141
315,llama_3_3_70b_v2_retry2,371,0.31294644608984,0.3097187903390908,124
316,llama_3_3_70b_v2_retry2,350,0.309808563684086,0.510528350808561,139
317,llama_3_3_70b_v2_retry2,187,0.30726048564644637,1.9724489389773001,35
318,llama_3_3_70b_v2_retry2,141,0.3069290144723931,0.2318389641989584,105
319,llama_3_3_70b_v2_retry2,360,0.30357544209062887,0.19350278867926926,204
320,llama_3_3_70b_v2_retry2,82,0.30283803604715204,0.14954671795466948,367
321,llama_3_3_70b_v2_retry2,327,0.28538336850927315,0.16985161545791322,162
322,llama_3_3_70b_v2_retry2,70,0.2741615507143411,0.5986001095389345,313
323,llama_3_3_70b_v2_retry2,84,0.2698815191968497,0.06860078758235223,320
324,llama_3_3_70b_v2_retry2,518,0.2679159328728196,0.5462331847032249,28
325,llama_3_3_70b_v2_retry2,165,0.262542720693839,0.3863650989904332,44
326,llama_3_3_70b_v2_retry2,168,0.2572915256034577,0.08695175438596492,19
327,llama_3_3_70b_v2_retry2,43,0.24473493923777317,0.06809241384850878,264
328,llama_3_3_70b_v2_retry2,249,0.24460402236119463,0.595717893217893,16
